<?xml version="1.0" encoding="UTF-8" ?>
<!DOCTYPE mapper
        PUBLIC "-//mybatis.org//DTD Mapper 3.0//EN"
        "http://mybatis.org/dtd/mybatis-3-mapper.dtd">
<mapper namespace="com.gaoqing.dao.bookListMapper">

    <!--  显示用户信息-->
    <select id="bookselShow" resultType="com.gaoqing.pojo.booklist">
        select id,book_name,author,publishing,price from booklist;
    </select>

<!--增加用户-->
   <insert id="bookinsert" parameterType="com.gaoqing.pojo.booklist">
       insert into booklist(book_name,author,publishing,price,stock,introduce,category,cover,creation_time)
       values (#{bookName},#{author},#{publishing},#{price},#{stock},#{introduce},#{category},#{cover},#{creationTime})
   </insert>

<!--根据id删除数据-->
    <delete id="bookdelete" parameterType="int">
        delete from booklist where id = #{id};
    </delete>

<!--按id搜索需要修改的书本-->
    <select id="Toupdete" resultType="com.gaoqing.pojo.booklist">
        select book_name,author,publishing,price,stock,introduce,category,cover,creation_time from booklist where id = #{id};
    </select>

    <!--按id搜索需要借阅读的书本-->
    <select id="goToupdete" resultType="com.gaoqing.pojo.booklist">
        select id,price from booklist where id = #{id};
    </select>


<!--    编辑图书信息-->
    <update id="bookupdate" >
        update booklist set price=#{price},stock=#{stock},introduce=#{introduce},
       category =#{category},cover=#{cover};
    </update>


<!--    查询书本价格-->
    <select id="bookPrice" resultType="com.gaoqing.pojo.booklist">
        SELECT price FROM booklist WHERE id = #{id}
    </select>
</mapper>