<?xml version="1.0" encoding="UTF-8" ?>
<!DOCTYPE mapper
        PUBLIC "-//mybatis.org//DTD Mapper 3.0//EN"
        "http://mybatis.org/dtd/mybatis-3-mapper.dtd">
<mapper namespace="com.gaoqing.dao.userTableMapper">
<!--  增加用户-->
  <insert id="addTabel" parameterType="com.gaoqing.pojo.userTable">
INSERT INTO usertable(username,passwor,fullname,sex,creationtime)VALUES(#{username},#{passwor},#{fullname},#{sex},#{creationtime});
  </insert>
<!--  显示用户信息-->
  <select id="selShow" resultType="com.gaoqing.pojo.userTable">
    SELECT id,username,passwor,fullname,sex,borrowed,accountstatus,avatar,creationtime,revisetime FROM usertable;
      </select>
<!--删除用户-->
  <delete id="Deletepa" parameterType="int">
    delete from  usertable where id =#{id};
  </delete>
  
<!--&lt;!&ndash;  修改用户信息&ndash;&gt;-->
  <update id="toinSert">
    update usertable set passwor=#{passwor},fullname=#{fullname},sex=#{sex},borrowed=#{borrowed},avatar=#{avatar},accountStatus=#{accountStatus} where id = #{id};
  </update>
<!--显示需要修改的用户信息-->
  <select id="lisTuserna" resultType="com.gaoqing.pojo.userTable">
    select id,username,passwor,fullname,sex,borrowed,accountStatus,avatar,creationtime,reviseTime from usertable where id = #{id};
  </select>

  <select id="Search" resultType="com.gaoqing.pojo.userTable">
    select id,username,passwor,fullname,sex,borrowed,accountstatus,avatar,creationtime,revisetime from usertable where id = #{id};
  </select>
</mapper>